id;title;content;user_id;blog_id
1;quintuple except confusion;../fake-data/blob/hipster.txt;1;1
2;discontinue fortunately;../fake-data/blob/hipster.txt;2;2
3;utter weight prioritize;../fake-data/blob/hipster.txt;2;3
4;aw;../fake-data/blob/hipster.txt;1;4
5;instead boohoo;../fake-data/blob/hipster.txt;1;5
6;midst interior scaly;../fake-data/blob/hipster.txt;1;6
7;coolly cruelty;../fake-data/blob/hipster.txt;2;7
8;recovery through;../fake-data/blob/hipster.txt;2;8
9;blah excluding;../fake-data/blob/hipster.txt;1;9
10;in reasoning trivial;../fake-data/blob/hipster.txt;2;10
